<?xml version="1.0" encoding="UTF-8" standalone="yes"?>
<?xml-stylesheet type="text/xsl" href="modx.prosilver.en.xsl"?>
<!--NOTICE: Please open this file in your web browser. If presented with a security warning, you may safely tell it to allow the blocked content.-->
<!--For security purposes, please check: http://www.phpbb.com/mods/ for the latest version of this MOD.\nAlthough MODs are checked before being allowed in the MODs Database there is no guarantee that there are no security problems within the MOD.\nNo support will be given for MODs not found within the MODs Database which can be found at http://www.phpbb.com/mods/-->
<mod xmlns:xsi="http://www.w3.org/2001/XMLSchema-instance" xmlns="http://www.phpbb.com/mods/xml/modx-1.2.5.xsd">
	<header>
		<meta name="generator" content="MODX file generated with PP MODX Creator by tumba25 (online version)"/>
		<meta name="generator" content="MODX file generated by MODX Generator by tumba25"/>
		<license><![CDATA[http://opensource.org/licenses/gpl-license.php GNU General Public License v2]]></license>
		<title lang="en"><![CDATA[phpBB Ajax Like Farsi Language Pack]]></title>
		<description lang="en"><![CDATA[Ajax Like for phpBB3.]]></description>
		<author-group>
			<author>
				<username><![CDATA[emosbat]]></username>
			</author>
		</author-group>
		<mod-version>0.1.0</mod-version>
		<installation>
			<level>easy</level>
			<time>600</time>
			<target-version>3.0.11</target-version>
		</installation>
	</header>
	<action-group>
		<copy>
			<file from="root/*.*" to="*.*"/>
		</copy>
		<open src="language/fa/common.php">
			<edit>
				<find><![CDATA[$lang = array_merge($lang, array(]]></find>
				<action type="after-add"><![CDATA[	// ajaxlike
	'AL_LIKE_NEW'					    => '&nbsp;لایک دریافتی جدید',
	'AL_LIKE_NEW_TITLE'				    => 'لایک های دریافت شده',	
    'AL_LIKE_INFO'					    => 'پست شما را لایک کرده&nbsp;-&nbsp;',
	'AL_LIKE_SELF'				        => 'مشاهده پست',
	'AL_NO_LIKE_RECEIVED'				=> 'هنوز لایکی دریافت نشده است.',
	// ajaxlike]]></action>
			</edit>
		</open>
		<open src="language/fa/memberlist.php">
			<edit>
				<find><![CDATA[$lang = array_merge($lang, array(]]></find>
				<action type="after-add"><![CDATA[	// ajaxlike
	'AL_TITLE'				=> 'لایک های اخیر',
	'AL_NO_LIKE'			=> 'هنوز پستی لایک نشده.',
	'AL_BY'					=> 'ارسال توسط',
	'AL_AT'					=> 'لایک در',
	'AL_VIEW'				=> '[مشاهده پست]',
	'AL_LIKE_COUNT_TEXT'	=> 'لایک کرده',
	'AL_LIKED_COUNT_TEXT'	=> 'لایک شده',
	'AL_POSTS_TEXT'			=> 'پست',
	'AL_POST_TEXT'			=> 'پست',
	// ajaxlike]]></action>
			</edit>
		</open>
		<open src="language/fa/ucp.php">
			<edit>
				<find><![CDATA[// Common language entries
$lang = array_merge($lang, array(]]></find>
				<action type="after-add"><![CDATA[	// ajaxlike
	'AJ_SHOW_LIKES'					=> 'نمایش آخرین لایک ها در پروفایل',
	// ajaxlike]]></action>
			</edit>
		</open>
		<open src="language/fa/viewtopic.php">
			<edit>
				<find><![CDATA[$lang = array_merge($lang, array(]]></find>
				<action type="after-add"><![CDATA[	
	// ajaxlike
	'AL_YOU_TEXT'						=> 'شما',
	'AL_AND_TEXT'						=> 'و',
	'AL_OTHER_TEXT'						=> 'کاربر',
	'AL_OTHERS_TEXT'					=> 'کاربر دیگر',
	'AL_PEOPLE_TEXT'					=> 'کاربر',
	'AL_PEOPLE_LIKE_THIS_TEXT'			=> 'کاربرانی که این پست را لایک کرده اند',
	'AL_LIKE_POST_TEXT'					=> 'این پست را لایک کرده اند.',
	'AL_ONE_LIKE_POST_TEXT'				=> 'این پست را لایک کرده است.',
	'AL_LIKE_POST_WITH_YOU_TEXT'		=> 'این پست را لایک کرده اید.',
	'AL_YOU_LIKE_TEXT'					=> 'این پست را لایک کرده اید.',
	'AL_LIKE_TEXT'						=> 'Like',
	'AL_UNLIKE_TEXT'					=> 'Unlike',
	'AL_LIKE_COUNT_TEXT'				=> 'لایک کرده',
	'AL_LIKED_COUNT_TEXT'				=> 'لایک شده',
	'AL_POSTS_TEXT'						=> 'پست',
	'AL_POST_TEXT'						=> 'پست',
	'AL_LIKE_AT_TEXT'					=> 'لایک در',
	// ajaxlike
	]]></action>
			</edit>
		</open>
		<open src="language/fa/acp/permissions_phpbb.php">
			<edit>
				<find><![CDATA['acl_u_viewprofile']]></find>
				<action type="before-add"><![CDATA[	
				// ajaxlike
	'acl_u_ajaxlike_mod'=> array('lang' => 'توانایی لایک کردن پست ها', 'cat' => 'misc'),
	// ajaxlike
	]]></action>
			</edit>
			<edit>
				<find><![CDATA[$lang = array_merge($lang, array(]]></find>
				<action type="after-add"><![CDATA[	// ajaxlike
	'acl_f_ajaxlike_mod'=> array('lang' => 'توانایی لایک کردن پست های انجمن', 'cat' => 'misc'),
	// ajaxlike]]></action>
			</edit>
			<edit>
				<find><![CDATA[// Admin Permissions
$lang = array_merge($lang, array(]]></find>
				<action type="after-add"><![CDATA[	// ajaxlike
	'acl_a_ajaxlike_mod'=> array('lang' => 'توانایی مدیریت لایک ها', 'cat' => 'misc'),
	// ajaxlike]]></action>
			</edit>
		</open>
	</action-group>
</mod>
