<?xml version="1.0" encoding="UTF-8" standalone="yes"?>
<?xml-stylesheet type="text/xsl" href="modx.prosilver.en.xsl"?>
<!--NOTICE: Please open this file in your web browser. If presented with a security warning, you may safely tell it to allow the blocked content.-->
<!--For security purposes, please check: http://www.phpbb.com/mods/ for the latest version of this MOD.\nAlthough MODs are checked before being allowed in the MODs Database there is no guarantee that there are no security problems within the MOD.\nNo support will be given for MODs not found within the MODs Database which can be found at http://www.phpbb.com/mods/-->
<mod xmlns:xsi="http://www.w3.org/2001/XMLSchema-instance" xmlns="http://www.phpbb.com/mods/xml/modx-1.2.5.xsd">
	<header>
		<meta name="generator" content="MODX file generated with PP MODX Creator by tumba25 (online version)"/>
		<meta name="generator" content="MODX file generated by MODX Generator by tumba25"/>
		<license><![CDATA[http://opensource.org/licenses/gpl-license.php GNU General Public License v2]]></license>
		<title lang="en"><![CDATA[phpBB Ajax Like - Subsilver2]]></title>
		<description lang="en"><![CDATA[Ajax Like for phpBB3.]]></description>
		<author-group>
			<author>
				<username><![CDATA[emosbat, ..::¦DJ¦::..]]></username>
			</author>
		</author-group>
		<mod-version>1.0.5</mod-version>
		<installation>
			<level>easy</level>
			<time>600</time>
			<target-version>3.0.11</target-version>
		</installation>
		<link-group>
			<link type="dependency" href="../../install_mod.xml" lang="en">phpBB Ajax Like</link>
		</link-group>
	</header>
	<action-group>
		<copy>
			<file from="contrib/subsilver2/root/*.*" to="*.*"/>
		</copy>
		<open src="styles/subsilver2/template/memberlist_view.html">
			<edit>
				<find><![CDATA[				<!-- IF S_DISPLAY_SEARCH --><br /><a href="{U_SEARCH_USER}">{L_SEARCH_USER_POSTS}</a><!-- ENDIF --></span></td>
			</tr>]]></find>
				<action type="after-add"><![CDATA[			<!-- ajaxlike -->
			<!-- IF LIKE_STATUS -->
			<tr>
				<td class="gen" align="{S_CONTENT_FLOW_END}" valign="top" nowrap="nowrap">{L_AL_LIKE_COUNT_TEXT}:</td>
				<td width="100%"><b class="gen">{LIKES} <!-- IF LIKES > 1 -->{L_AL_POSTS_TEXT}<!-- ELSE -->{L_AL_POST_TEXT}<!-- ENDIF --></b></td>
			</tr>
			<tr>
				<td class="gen" align="{S_CONTENT_FLOW_END}" valign="top" nowrap="nowrap">{L_AL_LIKED_COUNT_TEXT}:</td>
				<td width="100%"><b class="gen">{LIKED} <!-- IF LIKED > 1 -->{L_AL_POSTS_TEXT}<!-- ELSE -->{L_AL_POST_TEXT}<!-- ENDIF --></b></td>
			</tr>
			<!-- ENDIF -->
			<!-- ajaxlike -->]]></action>
			</edit>
			<edit>
				<find><![CDATA[			<td class="row1" colspan="2"><div class="postbody" style="padding: 10px;">{SIGNATURE}</div></td>
		</tr>
	<!-- ENDIF -->]]></find>
				<action type="after-add"><![CDATA[<!-- ajaxlike -->
<!-- IF SHOW_LIKES -->
		<tr>
			<td class="cat" colspan="2" align="center"><h4>{L_AL_TITLE}</h4></td>
		</tr>
		<tr>
			<td class="row1" colspan="2">
			<!-- IF .last_likes -->
			<!-- BEGIN last_likes -->
			<div class="ajaxlike_listing_item">
				<a href="{last_likes.LINK}" class="ajaxlike_profile_listing_title">{last_likes.TITLE}</a>
				<div class="ajaxlike_profile_listing_by">{L_AL_BY} {last_likes.POSTER} . {L_AL_AT} {last_likes.DATE}</div>
				<div class="ajaxlike_profile_listing_item">{last_likes.DETAIL}</span>&nbsp;<b><a href="{last_likes.LINK}">{L_AL_VIEW}</a></b></div>
			</div>
			<!-- END last_likes -->
			<!-- ELSE -->
			<div class="ajaxlike_listing_item">{L_AL_NO_LIKE}</div>
			<!-- ENDIF -->
			</td>
		</tr>
<!-- ENDIF -->
<!-- ajaxlike -->]]></action>
			</edit>
		</open>
		<open src="styles/subsilver2/template/overall_footer.html">
			<edit>
				<find><![CDATA[	<!-- IF DEBUG_OUTPUT --><br /><bdo dir="ltr">[ {DEBUG_OUTPUT} ]</bdo><!-- ENDIF --></span>
</div>]]></find>
				<action type="after-add"><![CDATA[<!-- ajaxlike -->
<!-- IF AJAXLIKE_ENABLE -->
<div id="ajaxlike_not-dialog">
</div>
<div id="ajaxlike-not-dialog" title="{L_AL_LIKE_NEW_TITLE}">
</div>
<!-- IF AJAXLIKE_NOTIFY_ENABLE -->
<script type="text/javascript">
	ajaxlike_init_notify({AJAXLIKE_NOTIFY_INTERVAL},'{AJAXLIKE_NOTIFY_CALLBACK}');
</script>
<!-- ENDIF -->
<!-- ENDIF -->
<!-- ajaxlike -->]]></action>
			</edit>
		</open>
		<open src="styles/subsilver2/template/overall_header.html">
			<edit>
				<find><![CDATA[</head>]]></find>
				<action type="before-add"><![CDATA[<!-- ajaxlike -->
<script type="text/javascript" src="{T_SUPER_TEMPLATE_PATH}/ajaxlike/js/common.js"></script>
<script type="text/javascript">window.jQuery || document.write("<script src='{T_SUPER_TEMPLATE_PATH}/ajaxlike/js/jquery.js'>\x3C/script>")</script>
<script type="text/javascript">window.jQuery.ui || document.write("<script src='{T_SUPER_TEMPLATE_PATH}/ajaxlike/js/jquery-ui.js'>\x3C/script>")</script>
<script type="text/javascript" src="{T_SUPER_TEMPLATE_PATH}/ajaxlike/js/jquery.tipsy.js"></script>
<!-- ajaxlike -->
<!-- ajaxlike -->
<link href="{T_THEME_PATH}/ajaxlike.css" rel="stylesheet" type="text/css" />
<link href="{T_SUPER_TEMPLATE_PATH}/ajaxlike/css/cupertino/jquery-ui.css" rel="stylesheet" type="text/css" />
<link href="{T_SUPER_TEMPLATE_PATH}/ajaxlike/css/tipsy.css" rel="stylesheet" type="text/css" />
<!-- ajaxlike -->]]></action>
			</edit>
			<edit>
				<find><![CDATA[					<!-- ENDIF -->
				<!-- ENDIF -->]]></find>
				<action type="after-add"><![CDATA[                    <!-- Ajax like notification -->
                    <!-- IF AJAXLIKE_ENABLE -->
                     &nbsp;<a href="#" onclick="ajaxlike_liked_listbox('{AJAXLIKE_NOTIFY_CALLBACK}'); return false;"><img src="{T_THEME_PATH}/images/icon_mini_message.gif" width="12" height="13" alt="*" /> <span id="ajaxlike_not_new"><strong>{AL_NEW_LIKE}</strong>{L_AL_LIKE_NEW}</span></a>
					<!-- ENDIF -->
                    <!-- Ajax like notification -->]]></action>
			</edit>
		</open>
		<open src="styles/subsilver2/template/ucp_prefs_personal.html">
			<edit>
				<find><![CDATA[		<div id="custom_date"<!-- IF not S_CUSTOM_DATEFORMAT --> style="display:none;"<!-- ENDIF -->><input type="text" name="dateformat" id="dateformat" value="{DATE_FORMAT}" maxlength="30" class="post" style="margin-top: 3px;" /></div>
	</td>
</tr>]]></find>
				<action type="after-add"><![CDATA[	<!-- ajaxlike -->
<tr>
	<td class="row1" width="50%"><b class="genmed"><label for="show_likes1">{L_AJ_SHOW_LIKES}:</label></b></td>
	<td class="row2">
			<label for="show_likes1"><input type="radio" name="show_likes" id="show_likes1" value="1"<!-- IF S_SHOW_LIKES --> checked="checked"<!-- ENDIF --> /> {L_YES}</label> 
			<label for="show_likes0"><input type="radio" name="show_likes" id="show_likes0" value="0"<!-- IF not S_SHOW_LIKES --> checked="checked"<!-- ENDIF --> /> {L_NO}</label>
		</td>
</tr>
	<!-- ajaxlike -->]]></action>
			</edit>
		</open>
		<open src="styles/subsilver2/template/viewtopic_body.html">
			<edit>
				<find><![CDATA[					<!-- IF postrow.POSTER_POSTS != '' --><br /><b>{L_POSTS}:</b> {postrow.POSTER_POSTS}<!-- ENDIF -->]]></find>
				<action type="after-add"><![CDATA[					<!-- ajaxlike -->
					<br /><b>{L_AL_LIKE_COUNT_TEXT}:</b> {postrow.LIKES} <!-- IF postrow.LIKES > 1 -->{L_AL_POSTS_TEXT}<!-- ELSE -->{L_AL_POST_TEXT}<!-- ENDIF -->
					<br /><b>{L_AL_LIKED_COUNT_TEXT}:</b> {postrow.LIKED} <!-- IF postrow.LIKED > 1 -->{L_AL_POSTS_TEXT}<!-- ELSE -->{L_AL_POST_TEXT}<!-- ENDIF -->
					<!-- ajaxlike -->]]></action>
			</edit>
			<edit>
				<find><![CDATA[<!-- IF postrow.U_DELETE --><a href="{postrow.U_DELETE}">{DELETE_IMG}</a> <!-- ENDIF -->]]></find>
					<action type="after-add"><![CDATA[<!-- ajaxlike -->
			<!-- IF postrow.TOTAL_LIKES > 0 -->
			<hr />
			<div class="ajaxlike_container" id="ajaxlike_content{postrow.POST_ID}">
				<!-- IF postrow.YOU_LIKED and not S_IS_BOT and S_USER_LOGGED_IN -->
					<!-- IF postrow.NO_OWN_POST and LIKE_ACCESS and ALLOW_UNLIKE --><a href="#" onclick="ajaxlike_unlike({postrow.POST_ID},{TOPIC_ID},{FORUM_ID},{LIKE_FROM},'{LIKE_CALLBACK}'); return false;" class="ajaxlike_link ajaxlike_unlike_button">{L_AL_UNLIKE_TEXT}</a> &middot; <!-- ENDIF -->{L_AL_YOU_TEXT} <!-- IF postrow.POST_LIKES > 0 -->{L_AL_AND_TEXT} <a href="{postrow.LAST_LIKE_URL}" <!-- IF postrow.TOTAL_LIKES > 1 -->onclick="ajaxlike_fulllistbox({postrow.POST_ID},{TOPIC_ID},{FORUM_ID},'{LIKE_CALLBACK}','{L_AL_LIKE_AT_TEXT}'); return false;"<!-- ENDIF --> class="ajaxlike_link ajaxlike_tooltip" <!-- IF postrow.LIKE_LIST -->title="{postrow.LIKE_LIST}"<!-- ENDIF -->>{postrow.POST_LIKES} <!-- IF postrow.POST_LIKES > 1 -->{L_AL_OTHERS_TEXT}<!-- ELSE -->{L_AL_OTHER_TEXT}<!-- ENDIF --></a> <!-- ENDIF --><!-- IF postrow.TOTAL_LIKES == 1 -->{L_AL_YOU_LIKE_TEXT}<!-- ELSE -->{L_AL_LIKE_POST_WITH_YOU_TEXT}<!-- ENDIF -->
				<!-- ELSE -->
					<!-- IF not S_IS_BOT and S_USER_LOGGED_IN and postrow.NO_OWN_POST and LIKE_ACCESS --><a href="#" onclick="ajaxlike_like({postrow.POST_ID},{TOPIC_ID},{FORUM_ID},{LIKE_FROM},'{LIKE_CALLBACK}'); return false;" class="ajaxlike_link ajaxlike_like_button">{L_AL_LIKE_TEXT}</a> &middot; <!-- ENDIF --><a href="{postrow.LAST_LIKE_URL}" <!-- IF postrow.TOTAL_LIKES > 1 -->onclick="ajaxlike_fulllistbox({postrow.POST_ID},{TOPIC_ID},{FORUM_ID},'{LIKE_CALLBACK}','{L_AL_LIKE_AT_TEXT}'); return false;"<!-- ENDIF --> class="ajaxlike_link ajaxlike_tooltip" <!-- IF postrow.LIKE_LIST -->title="{postrow.LIKE_LIST}"<!-- ENDIF -->><!-- IF postrow.TOTAL_LIKES == 1 -->{postrow.LIKE_LIST}<!-- ELSE -->{postrow.TOTAL_LIKES} {L_AL_PEOPLE_TEXT}<!-- ENDIF --></a> <!-- IF postrow.TOTAL_LIKES == 1 -->{L_AL_ONE_LIKE_POST_TEXT}<!-- ELSE -->{L_AL_LIKE_POST_TEXT}<!-- ENDIF -->
				<!-- ENDIF -->
			</div>
			<!-- ELSE -->
				<!-- IF not S_IS_BOT and S_USER_LOGGED_IN and postrow.NO_OWN_POST and LIKE_ACCESS -->
				<hr />
				<div class="ajaxlike_container" id="ajaxlike_content{postrow.POST_ID}">
<a href="#" onclick="ajaxlike_like({postrow.POST_ID},{TOPIC_ID},{FORUM_ID},{LIKE_FROM},'{LIKE_CALLBACK}'); return false;" class="ajaxlike_link ajaxlike_like_button">{L_AL_LIKE_TEXT}</a>
				</div>
				<!-- ENDIF -->
			<!-- ENDIF -->
			<!-- ajaxlike -->]]></action>
			</edit>
			<edit>
				<find><![CDATA[	<td align="{S_CONTENT_FLOW_END}"><!-- INCLUDE jumpbox.html --></td>
</tr>
</table>]]></find>
				<action type="after-add"><![CDATA[<!-- ajaxlike -->
<script type="text/javascript">
$(function() {
	load_tips('.ajaxlike_tooltip');
});
</script>
<div id="ajaxlike-dialog" title="{L_AL_PEOPLE_LIKE_THIS_TEXT}">
</div>
<!-- ajaxlike -->]]></action>
			</edit>
		</open>
		<php-installer><![CDATA[ajaxlike_install.php]]></php-installer>
	</action-group>
</mod>
