<?xml version="1.0" encoding="UTF-8" standalone="yes"?>
<?xml-stylesheet type="text/xsl" href="modx.prosilver.en.xsl"?>
<!--NOTICE: Please open this file in your web browser. If presented with a security warning, you may safely tell it to allow the blocked content.-->
<!--For security purposes, please check: http://www.phpbb.com/mods/ for the latest version of this MOD.\nAlthough MODs are checked before being allowed in the MODs Database there is no guarantee that there are no security problems within the MOD.\nNo support will be given for MODs not found within the MODs Database which can be found at http://www.phpbb.com/mods/-->
<mod xmlns:xsi="http://www.w3.org/2001/XMLSchema-instance" xmlns="http://www.phpbb.com/mods/xml/modx-1.2.5.xsd">
	<header>
		<meta name="generator" content="MODX file generated with PP MODX Creator by tumba25 (online version)"/>
		<meta name="generator" content="MODX file generated by MODX Generator by tumba25"/>
		<license><![CDATA[http://opensource.org/licenses/gpl-license.php GNU General Public License v2]]></license>
		<title lang="en"><![CDATA[phpBB Ajax Like]]></title>
		<description lang="en"><![CDATA[Ajax Like pour phpBB3.]]></description>
		<author-group>
			<author>
				<username><![CDATA[emosbat, ..::¦DJ¦::..]]></username>
			</author>
		</author-group>
		<mod-version>0.0.7</mod-version>
		<installation>
			<level>facile</level>
			<time>600</time>
			<target-version>3.0.11</target-version>
		</installation>
	</header>
	<action-group>
		<copy>
			<file from="root/*.*" to="*.*"/>
		</copy>
		
		<open src="language/fr/common.php">
			<edit>
				<find><![CDATA[$lang = array_merge($lang, array(]]></find>
				<action type="after-add"><![CDATA[	// ajaxlike
	'AL_LIKE_NEW'					    => '&nbsp;Nouveaux "J’aime"',
	'AL_LIKE_NEW_TITLE'				    => 'Liste des nouveaux "J’aime"',	
    'AL_LIKE_INFO'					    => 'Aime votre&nbsp;',
	'AL_LIKE_SELF'				        => 'Consulter votre message',
	'AL_NO_LIKE_RECEIVED'				=> 'Aucun "J’aime" n’a encore été reçu.',
	// ajaxlike]]></action>
			</edit>
		</open>
		
		<open src="language/fr/memberlist.php">
			<edit>
				<find><![CDATA[$lang = array_merge($lang, array(]]></find>
				<action type="after-add"><![CDATA[	// ajaxlike
	'AL_TITLE'				=> 'Derniers "J’aime"',
	'AL_NO_LIKE'			=> 'Aucun "J’aime n’a encore été reçu.',
	'AL_BY'					=> 'posté par',
	'AL_AT'					=> 'A aimé à',
	'AL_VIEW'				=> '[Consulter le message]',
	'AL_LIKE_COUNT_TEXT'	=> 'Nombre de "J’aime"',
	'AL_LIKED_COUNT_TEXT'	=> 'A aimé dans',
	'AL_POSTS_TEXT'			=> 'messages',
	'AL_POST_TEXT'			=> 'message',
	// ajaxlike]]></action>
			</edit>
		</open>
		
		<open src="language/fr/ucp.php">
			<edit>
				<find><![CDATA[// Common language entries
$lang = array_merge($lang, array(]]></find>
				<action type="after-add"><![CDATA[	// ajaxlike
	'AJ_SHOW_LIKES'					=> 'Afficher les derniers "J’aime" dans le profil',
	// ajaxlike]]></action>
			</edit>
		</open>
		
		<open src="language/fr/viewtopic.php">
			<edit>
				<find><![CDATA[$lang = array_merge($lang, array(]]></find>
				<action type="after-add"><![CDATA[	
	// ajaxlike
	'AL_YOU_TEXT'						=> 'Vous',
	'AL_AND_TEXT'						=> 'et',
	'AL_OTHER_TEXT'						=> 'autre',
	'AL_OTHERS_TEXT'					=> 'autres',
	'AL_PEOPLE_TEXT'					=> 'personne(s)',
	'AL_PEOPLE_LIKE_THIS_TEXT'			=> 'Personnes qui aiment le message',
	'AL_LIKE_POST_TEXT'					=> 'aime le message.',
	'AL_ONE_LIKE_POST_TEXT'				=> 'aime le message.',
	'AL_LIKE_POST_WITH_YOU_TEXT'		=> 'aime le message.',
	'AL_YOU_LIKE_TEXT'					=> 'aime le message.',
	'AL_LIKE_TEXT'						=> 'J’aime',
	'AL_UNLIKE_TEXT'					=> 'Je n’aime plus',
	'AL_LIKE_COUNT_TEXT'				=> 'Nombre de "J’aime"',
	'AL_LIKED_COUNT_TEXT'				=> 'A aimé dans',
	'AL_POSTS_TEXT'						=> 'messages',
	'AL_POST_TEXT'						=> 'message',
	'AL_LIKE_AT_TEXT'					=> 'A aimé à',
	// ajaxlike
	]]></action>
			</edit>
		</open>
		
		<open src="language/fr/acp/permissions_phpbb.php">
			<edit>
				<find><![CDATA['acl_u_viewprofile'	=> array('lang' => 'Peut voir un profil public, la liste des membres et les utilisateurs connectés', 'cat' => 'profile'),]]></find>
				<action type="before-add"><![CDATA[	// ajaxlike
	'acl_u_ajaxlike_mod'=> array('lang' => 'Peut aimer des messages', 'cat' => 'misc'),
	// ajaxlike]]></action>
			</edit>
			<edit>
				<find><![CDATA[$lang = array_merge($lang, array(]]></find>
				<action type="after-add"><![CDATA[	// ajaxlike
	'acl_f_ajaxlike_mod'=> array('lang' => 'Peut aimer des message sur le forum', 'cat' => 'misc'),
	// ajaxlike]]></action>
			</edit>
			<edit>
				<find><![CDATA[// Admin Permissions
$lang = array_merge($lang, array(]]></find>
				<action type="after-add"><![CDATA[	// ajaxlike
	'acl_a_ajaxlike_mod'=> array('lang' => 'Peut gérer les "J’aime"', 'cat' => 'misc'),
	// ajaxlike]]></action>
			</edit>
		</open>
	</action-group>
</mod>
