<?xml version="1.0" encoding="UTF-8" standalone="yes"?>
<?xml-stylesheet type="text/xsl" href="modx.prosilver.en.xsl"?>
<!--NOTICE: Please open this file in your web browser. If presented with a security warning, you may safely tell it to allow the blocked content.-->
<!--For security purposes, please check: http://www.phpbb.com/mods/ for the latest version of this MOD.\nAlthough MODs are checked before being allowed in the MODs Database there is no guarantee that there are no security problems within the MOD.\nNo support will be given for MODs not found within the MODs Database which can be found at http://www.phpbb.com/mods/-->
<mod xmlns:xsi="http://www.w3.org/2001/XMLSchema-instance" xmlns="https://www.phpbb.com/mods/xml/modx-1.2.6.xsd">
	<header>
		<meta name="generator" content="MODX file generated with PP MODX Creator by tumba25 (online version)"/>
		<license><![CDATA[http://opensource.org/licenses/gpl-license.php GNU General Public License v2]]></license>
		<title lang="en"><![CDATA[[Add-on] Top Users on Top Five MOD]]></title>
		<description lang="en"><![CDATA[This add-on adds new box to top five MOD which is displaying top users, Based on their like count.]]></description>
		<author-notes lang="en"><![CDATA[Important note: Before installing this add-on, You should install both phpBB Ajax Like and Top Five MODS.
phpBB Ajax Like MOD: https://www.phpbb.com/community/viewtopic.php?f=70&t=2162699
Top Five MOD: https://www.phpbb.com/customise/db/mod/top_five/]]></author-notes>
		<github><![CDATA[https://github.com/phpbbpersian/Top-User-Addon]]></github>
		<author-group>
			<author>
				<realname><![CDATA[Ali Faraji]]></realname>
				<username><![CDATA[Ali@php]]></username>
				<homepage><![CDATA[http://www.phpbbpersian.com]]></homepage>
				<email><![CDATA[phpbbpersian@gmail.com]]></email>
			</author>
		</author-group>
		<mod-version>1.0.0</mod-version>
		<installation>
			<level>easy</level>
			<time>180</time>
			<target-version>3.0.11</target-version>
		</installation>
		<history/>
		<link-group>
			<link type="dependency" href="https://www.phpbb.com/community/viewtopic.php?f=70&amp;t=2162699" lang="en">phpBB Ajax Like MOD</link>
			<link type="dependency" href="https://www.phpbb.com/customise/db/mod/top_five/" lang="en">Top Five MOD</link>
		</link-group>
	</header>
	<action-group>
		<open src="includes/top_five.php">
			<edit>
				<find><![CDATA[}
?>]]></find>
				<action type="before-add"><![CDATA[   // phpBB ajax like Add-on
   $sql_array = array(
      'SELECT'    => 'COUNT(l.poster_id) as user_likes, u.user_id, u.username, u.user_colour',

      'FROM'      => array(
         LIKES_TABLE => 'l',
         USERS_TABLE    => 'u'
      ),

      'WHERE'     =>  'l.poster_id = u.user_id',
         
      'GROUP_BY'  => 'l.poster_id',

      'ORDER_BY'  => 'user_likes DESC',
   );
   $sql = $db->sql_build_query('SELECT', $sql_array);
   $result = $db->sql_query_limit($sql, 5);
      while ($row = $db->sql_fetchrow($result))
   {
      $template->assign_block_vars('toplikes', array(
      'LIKECOUNT'      => $row['user_likes'] > 1 ? sprintf($user->lang['USER_LIKES'], $row['user_likes']) : sprintf($user->lang['USER_LIKE'], $row['user_likes']),
      'USERNAME' => $row['username'],
      'USERCOLOUR' => $row['user_colour'],
      'USERLINK' => append_sid("{$phpbb_root_path}memberlist.$phpEx", 'mode=viewprofile&amp;u=' . $row['user_id'] . ''),
      ));
   }
   $db->sql_freeresult($result);]]></action>
			</edit>
		</open>
		<open src="language/en/mods/top_five.php">
			<edit>
				<find><![CDATA[));

?>]]></find>
				<action type="before-add"><![CDATA[   'TOP_FIVE_LIKES'    => 'Top Users',
   'USER_LIKE'       => 'This user has received %s like',
   'USER_LIKES'       => 'This user has received %s likes',]]></action>
			</edit>
		</open>
		<open src="styles/prosilver/template/top_five_body.html">
			<edit>
				<find><![CDATA[         <th style="width: 50%;">{L_NEWEST_TOPICS}</th>
         <th style="width: 20%;">{L_TOP_FIVE_ACTIVE}</th>
         <th style="width: 30%;">{L_TOP_FIVE_NEWEST}</th>]]></find>
				<action type="replace-with"><![CDATA[         <th style="width: 30%;">{L_NEWEST_TOPICS}</th>
         <th style="width: 20%;">{L_TOP_FIVE_ACTIVE}</th>
         <th style="width: 20%;">{L_TOP_FIVE_NEWEST}</th>
         <th style="30%">{L_TOP_FIVE_LIKES}</th>]]></action>
			</edit>
			<edit>
				<find><![CDATA[               <td valign="top"><!-- BEGIN top_five_newest -->{top_five_newest.USERNAME_FULL}<br />&nbsp;&nbsp;{L_JOINED}: {top_five_newest.REG_DATE}<br /><!-- END top_five_newest --></td>]]></find>
				<action type="after-add"><![CDATA[               <td valign="top"><!-- BEGIN toplikes --><a class="username-coloured" style="color:#{toplikes.USERCOLOUR}" href="{toplikes.USERLINK}">{toplikes.USERNAME}</a><br />&nbsp;&nbsp;{toplikes.LIKECOUNT}<br /><!-- END toplikes --></td>]]></action>
			</edit>
		</open>
		<diy-instructions lang="en"><![CDATA[Don't forget to purge template cache.]]></diy-instructions>
	</action-group>
</mod>
