<?xml version="1.0" encoding="UTF-8" standalone="yes"?>
<?xml-stylesheet type="text/xsl" href="modx.prosilver.en.xsl"?>
<!--NOTICE: Please open this file in your web browser. If presented with a security warning, you may safely tell it to allow the blocked content.-->
<!--For security purposes, please check: http://www.phpbb.com/mods/ for the latest version of this MOD.\nAlthough MODs are checked before being allowed in the MODs Database there is no guarantee that there are no security problems within the MOD.\nNo support will be given for MODs not found within the MODs Database which can be found at http://www.phpbb.com/mods/-->
<mod xmlns:xsi="http://www.w3.org/2001/XMLSchema-instance" xmlns="http://www.phpbb.com/mods/xml/modx-1.2.5.xsd">
	<header>
		<meta name="generator" content="MODX file generated with PP MODX Creator by tumba25 (online version)"/>
		<meta name="generator" content="MODX file generated by MODX Generator by tumba25"/>
		<license><![CDATA[http://opensource.org/licenses/gpl-license.php GNU General Public License v2]]></license>
		<title lang="en"><![CDATA[phpBB Ajax Like]]></title>
		<description lang="en"><![CDATA[Ajax Like for phpBB3.]]></description>
		<author-group>
			<author>
				<username><![CDATA[emosbat, ..::¦DJ¦::..]]></username>
			</author>
		</author-group>
		<mod-version>0.0.7</mod-version>
		<installation>
			<level>easy</level>
			<time>600</time>
			<target-version>3.0.11</target-version>
		</installation>
	</header>
	<action-group>
		<copy>
			<file from="root/*.*" to="*.*"/>
		</copy>
		<open src="memberlist.php">
			<edit>
				<find><![CDATA[			$member['posts_in_queue'] = 0;
		}]]></find>
				<action type="after-add"><![CDATA[		// ajaxlike
		require_once($phpbb_root_path . 'includes/functions_ajaxlike.' . $phpEx);
		$ajaxlike_enable = ((($user->data['user_id'] == ANONYMOUS ? ($config['ajaxlike_enable'] && $config['ajaxlike_guest_can_view']) : $config['ajaxlike_enable'])) && $config['ajaxlike_list_in_profile'] && $user->data['show_likes']);
		
		if($ajaxlike_enable)
		{
			$likes_limit = ($config['ajaxlike_profile_num'] == 0 ? 15 : $config['ajaxlike_profile_num']);
			$likes_array = fetch_user_likes($member['user_id'], $likes_limit);
			if(is_array($likes_array[0]))
			{
				foreach($likes_array[0] as $like)
				{
					$template->assign_block_vars('last_likes', array(
						'TITLE'		=> $like['topic_title'],
						'POSTER'	=> $like['poster'],
						'DETAIL'	=> $like['post_detail'],
						'DATE'		=> $like['date'],
						'LINK'		=> $like['post_url'],
					));
				}
			}
			
			$template->assign_vars(array(
				'LIKE_STATUS'			=> $ajaxlike_enable,
				'LIKES'					=> get_user_likes($member['user_id']),
				'LIKED'					=> get_user_liked($member['user_id'])
				));

		}
		// ajaxlike
]]></action>
			</edit>
			<edit>
				<find><![CDATA['L_POSTS_IN_QUEUE'	=> $user->lang('NUM_POSTS_IN_QUEUE', $member['posts_in_queue']),]]></find>
				<action type="before-add"><![CDATA[			// ajaxlike
			'SHOW_LIKES'		=>	$ajaxlike_enable,
			// ajaxlike]]></action>
			</edit>
		</open>
		<open src="viewtopic.php">
			<edit>
				<find><![CDATA[$voted_id = (sizeof($voted_id) > 1) ? array_unique($voted_id) : $voted_id;]]></find>
				<action type="after-add"><![CDATA[// ajaxlike
require_once($phpbb_root_path . 'includes/functions_ajaxlike.' . $phpEx);
$ajaxlike_enable = ($user->data['user_id'] == ANONYMOUS ? ($config['ajaxlike_enable'] && $config['ajaxlike_guest_can_view']) : $config['ajaxlike_enable']);

if($ajaxlike_enable)
{
	$ajaxlike_like_from	= request_var('like_from', 0);
	$ajaxlike_action	= request_var('ajaxlike_action', '');
	$ajaxlike_data		= request_var('ajaxlike_data', '');
	
	if($ajaxlike_action	!= '')
	{
	
		if($ajaxlike_action!='notifications' && $ajaxlike_action!='liked_list')
		{
			// do not trust input!
			$sql = 'SELECT forum_id
				FROM ' . TOPICS_TABLE . "
				WHERE topic_id = $topic_id";
			$result = $db->sql_query($sql);
			$forum_id = (int) $db->sql_fetchfield('forum_id');
			$db->sql_freeresult($result);
			
			if (!$forum_id)
			{
				ajaxlike_die('Invalid request!');
			}
			
		}
	
		switch($ajaxlike_action)
		{
			case 'fulllist':
			ajaxlike_die(get_fulllist($post_id));
			
			break;
			
			case 'notifications':
			ajaxlike_die(get_notifications());
			
			break;
			
			case 'liked_list':
			ajaxlike_die(get_liked_list());
			
			break;
			
			default:
				
			if (($auth->acl_get('u_ajaxlike_mod')) && ($auth->acl_get('f_ajaxlike_mod', $forum_id)) && ($user->data['user_id'] != ANONYMOUS) && ($user->data['user_id']==$ajaxlike_like_from))
			{
			
				if($ajaxlike_action	== 'like')
				{
					ajaxlike_die(ajaxlike_like_post($post_id));
				}
			
				if(($ajaxlike_action	== 'unlike') && $config['ajaxlike_allow_unlike'])
				{
					ajaxlike_die(ajaxlike_unlike_post($post_id));
				}
			
			} else {
				ajaxlike_die("Access Denied!");
			}
			
		}

	}
}
// ajaxlike]]></action>
			</edit>
			<edit>
				<find><![CDATA[	'S_NUM_POSTS' => sizeof($post_list))
);]]></find>
				<action type="after-add"><![CDATA[// ajaxlike
if($ajaxlike_enable)
{
	$likes_data = fetch_topic_likes();

		$template->assign_vars(array(
				'LIKE_ACCESS'			=> (($auth->acl_get('u_ajaxlike_mod')) && ($auth->acl_get('f_ajaxlike_mod', $forum_id)) && ($user->data['user_id'] != ANONYMOUS) ? 1 : 0),
				'ALLOW_UNLIKE'			=> $config['ajaxlike_allow_unlike'],
				'LIKE_FROM'				=> $user->data['user_id'],
				'LIKE_CALLBACK'			=> append_sid("{$phpbb_root_path}viewtopic.$phpEx")
			)
		);
}
// ajaxlike]]></action>
			</edit>
			<edit>
				<find><![CDATA[	$postrow = array(]]></find>
				<action type="after-add"><![CDATA[		// ajaxlike
		'TOTAL_LIKES'			=> ($ajaxlike_enable ? (isset($likes_data[0][$row['post_id']]) ? $likes_data[0][$row['post_id']]  : 0) : 0),
		'POST_LIKES'			=> ($ajaxlike_enable ? (isset($likes_data[0][$row['post_id']]) ? $likes_data[0][$row['post_id']] - (in_array($row['post_id'], $likes_data[1]) ? 1 : 0) : 0) : 0),
		'YOU_LIKED'				=> ($ajaxlike_enable ? (in_array($row['post_id'], $likes_data[1]) ? true : false) : 0),
		'LIKE_LIST'				=> ($ajaxlike_enable ? build_like_list(isset($likes_data[2][$row['post_id']]) ? $likes_data[2][$row['post_id']]  : false) : ''),
		'NO_OWN_POST'			=> ($poster_id != $user->data['user_id']),
		'LIKES'					=> ($ajaxlike_enable ? get_user_likes($row['user_id']) : 0),
		'LIKED'					=> ($ajaxlike_enable ? get_user_liked($row['user_id']) : 0),
		'LAST_LIKE_URL'			=> (($ajaxlike_enable ? (isset($likes_data[0][$row['post_id']]) ? $likes_data[0][$row['post_id']]  : 0) : 0) > 1 ? "#" : append_sid("{$phpbb_root_path}memberlist.$phpEx", "mode=viewprofile&amp;un=" . urlencode(build_like_list(isset($likes_data[2][$row['post_id']]) ? $likes_data[2][$row['post_id']]  : false)))),
		// ajaxlike]]></action>
			</edit>
		</open>
		<open src="includes/constants.php">
			<edit>
				<find><![CDATA[// Table names]]></find>
				<action type="after-add"><![CDATA[	// ajaxlike
define('LIKES_TABLE',				$table_prefix . 'likes');
	// ajaxlike]]></action>
			</edit>
		</open>
		<open src="includes/functions.php">
			<edit>
				<find><![CDATA[			$s_search_hidden_fields[$url_param[0]] = $url_param[1];
		}
	}]]></find>
				<action type="after-add"><![CDATA[	// ajaxlike
	$ajaxlike_notify = (($user->data['user_id'] == ANONYMOUS ? false : @$config['ajaxlike_enable']) && @$config['ajaxlike_notify']);
	$ajaxlike_notify_interval = @$config['ajaxlike_notify_interval'];
	if($ajaxlike_notify_interval<5) $ajaxlike_notify_interval = 5;
	$ajaxlike_notify_interval = $ajaxlike_notify_interval * 1000;
	
	$like_count=0;
	
	if($ajaxlike_notify)
	{
   		$uid=$user->data['user_id'];
   		// Ajax like notification
   		$sql = 'SELECT COUNT(like_id) as like_count 
      		FROM ' . LIKES_TABLE . '
      		WHERE poster_id = '.$uid.' AND like_read = 1';
   		$result = $db->sql_query($sql);
   		$like_count = (int) $db->sql_fetchfield('like_count');
   		$db->sql_freeresult($result);
		// Ajax like notification
	}
	// ajaxlike]]></action>
			</edit>
			<edit>
				<find><![CDATA[	$template->assign_vars(array(]]></find>
				<action type="after-add"><![CDATA[		// ajaxlike
       	'AL_NEW_LIKE'                  => ($ajaxlike_notify ? $like_count : 0),
    	'AJAXLIKE_NOTIFY_ENABLE'		=> $ajaxlike_notify,
		'AJAXLIKE_NOTIFY_INTERVAL'		=> $ajaxlike_notify_interval,
		'AJAXLIKE_NOTIFY_CALLBACK'		=> append_sid("{$phpbb_root_path}viewtopic.$phpEx"),
		// ajaxlike]]></action>
			</edit>
		</open>
		<open src="includes/ucp/ucp_prefs.php">
			<edit>
				<find><![CDATA[				$data = array(]]></find>
				<action type="after-add"><![CDATA[					// ajaxlike
					'show_likes'	=> request_var('show_likes', $user->data['show_likes'], true),
					// ajaxlike]]></action>
			</edit>
			<edit>
				<find><![CDATA[						$sql_ary = array(]]></find>
				<action type="after-add"><![CDATA[							// ajaxlike
							'show_likes'			=> $data['show_likes'],
							// ajaxlike]]></action>
			</edit>
			<edit>
				<find><![CDATA[					'S_DST'				=> $data['dst'],]]></find>
				<action type="after-add"><![CDATA[					// ajaxlike
					'S_SHOW_LIKES'		=> $data['show_likes'],
					// ajaxlike]]></action>
			</edit>
		</open>
				<open src="language/en/common.php">
			<edit>
				<find><![CDATA[$lang = array_merge($lang, array(]]></find>
				<action type="after-add"><![CDATA[	// ajaxlike
	'AL_LIKE_NEW'					    => '&nbsp;new like received',
	'AL_LIKE_NEW_TITLE'				    => 'New likes received list',	
    'AL_LIKE_INFO'					    => 'Likes your&nbsp;',
	'AL_LIKE_SELF'				        => 'View your post',
	'AL_NO_LIKE_RECEIVED'				=> 'No like received yet.',
	// ajaxlike]]></action>
			</edit>
		</open>

				<open src="language/en/memberlist.php">
			<edit>
				<find><![CDATA[$lang = array_merge($lang, array(]]></find>
				<action type="after-add"><![CDATA[	// ajaxlike
	'AL_TITLE'				=> 'Last Likes',
	'AL_NO_LIKE'			=> 'No post liked yet.',
	'AL_BY'					=> 'posted by',
	'AL_AT'					=> 'Liked at',
	'AL_VIEW'				=> '[View Post]',
	'AL_LIKE_COUNT_TEXT'	=> 'Likes',
	'AL_LIKED_COUNT_TEXT'	=> 'Liked in',
	'AL_POSTS_TEXT'			=> 'posts',
	'AL_POST_TEXT'			=> 'post',
	// ajaxlike]]></action>
			</edit>
		</open>
	
			<open src="language/en/ucp.php">
			<edit>
				<find><![CDATA[// Common language entries
$lang = array_merge($lang, array(]]></find>
				<action type="after-add"><![CDATA[	// ajaxlike
	'AJ_SHOW_LIKES'					=> 'Display last likes in profile',
	// ajaxlike]]></action>
			</edit>
		</open>
		
			<open src="language/en/viewtopic.php">
			<edit>
				<find><![CDATA[$lang = array_merge($lang, array(]]></find>
				<action type="after-add"><![CDATA[	
	// ajaxlike
	'AL_YOU_TEXT'						=> 'You',
	'AL_AND_TEXT'						=> 'and',
	'AL_OTHER_TEXT'						=> 'other',
	'AL_OTHERS_TEXT'					=> 'others',
	'AL_PEOPLE_TEXT'					=> 'people',
	'AL_PEOPLE_LIKE_THIS_TEXT'			=> 'People like this post',
	'AL_LIKE_POST_TEXT'					=> 'like this post.',
	'AL_ONE_LIKE_POST_TEXT'				=> 'like this post.',
	'AL_LIKE_POST_WITH_YOU_TEXT'		=> 'like this post.',
	'AL_YOU_LIKE_TEXT'					=> 'like this post.',
	'AL_LIKE_TEXT'						=> 'Like',
	'AL_UNLIKE_TEXT'					=> 'Unlike',
	'AL_LIKE_COUNT_TEXT'				=> 'Likes',
	'AL_LIKED_COUNT_TEXT'				=> 'Liked in',
	'AL_POSTS_TEXT'						=> 'posts',
	'AL_POST_TEXT'						=> 'post',
	'AL_LIKE_AT_TEXT'					=> 'Liked at',
	// ajaxlike
	]]></action>
			</edit>
		</open>
		
			<open src="language/en/acp/permissions_phpbb.php">
			<edit>
				<find><![CDATA['acl_u_viewprofile'	=> array('lang' => 'Can view profiles, memberlist and online list', 'cat' => 'profile'),]]></find>
				<action type="before-add"><![CDATA[	// ajaxlike
	'acl_u_ajaxlike_mod'=> array('lang' => 'Can like posts', 'cat' => 'misc'),
	// ajaxlike]]></action>
			</edit>
			<edit>
				<find><![CDATA[$lang = array_merge($lang, array(]]></find>
				<action type="after-add"><![CDATA[	// ajaxlike
	'acl_f_ajaxlike_mod'=> array('lang' => 'Can like posts in forum', 'cat' => 'misc'),
	// ajaxlike]]></action>
			</edit>
			<edit>
				<find><![CDATA[// Admin Permissions
$lang = array_merge($lang, array(]]></find>
				<action type="after-add"><![CDATA[	// ajaxlike
	'acl_a_ajaxlike_mod'=> array('lang' => 'Can manage likes', 'cat' => 'misc'),
	// ajaxlike]]></action>
			</edit>
		</open>
		
		<open src="language/es/common.php">
			<edit>
				<find><![CDATA[$lang = array_merge($lang, array(]]></find>
				<action type="after-add"><![CDATA[	// ajaxlike
	'AL_LIKE_NEW'					    => '&nbsp;nuevos me gusta',
	'AL_LIKE_NEW_TITLE'				    => 'Lista de nuevos me gusta recibidos',	
    'AL_LIKE_INFO'					    => 'Le gusta tu&nbsp;',
	'AL_LIKE_SELF'				        => 'Ver tu mensaje',
	'AL_NO_LIKE_RECEIVED'				=> 'Aún no ha recibido me gusta.',
	// ajaxlike]]></action>
			</edit>
		</open>
				<open src="language/es/memberlist.php">
			<edit>
				<find><![CDATA[$lang = array_merge($lang, array(]]></find>
				<action type="after-add"><![CDATA[	// ajaxlike
	'AL_TITLE'				=> 'Ultimos me gusta',
	'AL_NO_LIKE'			=> 'Ningún mensaje a recibido me gusta.',
	'AL_BY'					=> 'enviado por',
	'AL_AT'					=> 'En',
	'AL_VIEW'				=> '[Ver mensaje]',
	'AL_LIKE_COUNT_TEXT'	=> 'Me gusta',
	'AL_LIKED_COUNT_TEXT'	=> 'Me gusta recibidos',
	'AL_POSTS_TEXT'			=> 'Mensajes',
	'AL_POST_TEXT'			=> 'mensaje',
	// ajaxlike]]></action>
			</edit>
		</open>
			<open src="language/es/ucp.php">
			<edit>
				<find><![CDATA[// Common language entries
$lang = array_merge($lang, array(]]></find>
				<action type="after-add"><![CDATA[	// ajaxlike
	'AJ_SHOW_LIKES'					=> 'Mostrar los ultimos "me gusta" en perfil',
	// ajaxlike]]></action>
			</edit>
		</open>
		<open src="language/es/viewtopic.php">
			<edit>
				<find><![CDATA[$lang = array_merge($lang, array(]]></find>
				<action type="after-add"><![CDATA[	
	// ajaxlike
	'AL_YOU_TEXT'						=> 'A ti',
	'AL_AND_TEXT'						=> 'y',
	'AL_OTHER_TEXT'						=> 'otra',
	'AL_OTHERS_TEXT'					=> 'otras',
	'AL_PEOPLE_TEXT'					=> 'persona',
	'AL_PEOPLE_LIKE_THIS_TEXT'			=> 'personas les gusta este mensaje',
	'AL_LIKE_POST_TEXT'					=> 'les gusta este mensaje.',
	'AL_ONE_LIKE_POST_TEXT'				=> 'le gusta este mensaje.',
	'AL_LIKE_POST_WITH_YOU_TEXT'		=> 'te gusta este mensaje.',
	'AL_YOU_LIKE_TEXT'					=> 'te gusta este mensaje.',
	'AL_LIKE_TEXT'						=> 'Me gusta',
	'AL_UNLIKE_TEXT'					=> 'Ya no me gusta',
	'AL_LIKE_COUNT_TEXT'				=> 'Me gusta',
	'AL_LIKED_COUNT_TEXT'				=> 'Me gusta recibidos',
	'AL_POSTS_TEXT'						=> 'mensajes',
	'AL_POST_TEXT'						=> 'mensaje',
	'AL_LIKE_AT_TEXT'					=> 'En',
	// ajaxlike
	]]></action>
			</edit>
		</open><open src="language/es/acp/permissions_phpbb.php">
			<edit>
				<find><![CDATA['acl_u_viewprofile'	=> array('lang' => 'Can view profiles, memberlist and online list', 'cat' => 'profile'),]]></find>
				<action type="before-add"><![CDATA[	// ajaxlike
	'acl_u_ajaxlike_mod'=> array('lang' => 'Puede usar "me gusta" en los mensajes', 'cat' => 'misc'),
	// ajaxlike]]></action>
			</edit>
			<edit>
				<find><![CDATA[$lang = array_merge($lang, array(]]></find>
				<action type="after-add"><![CDATA[	// ajaxlike
	'acl_f_ajaxlike_mod'=> array('lang' => 'Puede usar "me gusta" en los foros', 'cat' => 'misc'),
	// ajaxlike]]></action>
			</edit>
			<edit>
				<find><![CDATA[// Admin Permissions
$lang = array_merge($lang, array(]]></find>
				<action type="after-add"><![CDATA[	// ajaxlike
	'acl_a_ajaxlike_mod'=> array('lang' => 'Puede administrar "me gusta"', 'cat' => 'misc'),
	// ajaxlike]]></action>
			</edit>
		</open>
		<open src="styles/prosilver/template/memberlist_view.html">
			<edit>
				<find><![CDATA[					<!-- IF POSTS_IN_QUEUE and U_MCP_QUEUE --><br />(<a href="{U_MCP_QUEUE}">{L_POSTS_IN_QUEUE}</a>)<!-- ELSEIF POSTS_IN_QUEUE --><br />({L_POSTS_IN_QUEUE})<!-- ENDIF -->
				</dd>]]></find>
				<action type="after-add"><![CDATA[			<!-- ajaxlike -->
			<!-- IF LIKE_STATUS -->
			<dt>{L_AL_LIKE_COUNT_TEXT}:</dt>
				<dd><strong>{LIKES}</strong> <!-- IF LIKES > 1 -->{L_AL_POSTS_TEXT}<!-- ELSE -->{L_AL_POST_TEXT}<!-- ENDIF --></dd>
			<dt>{L_AL_LIKED_COUNT_TEXT}:</dt>
				<dd><strong>{LIKED}</strong> <!-- IF LIKED > 1 -->{L_AL_POSTS_TEXT}<!-- ELSE -->{L_AL_POST_TEXT}<!-- ENDIF --></dd>
			<!-- ENDIF -->
			<!-- ajaxlike -->]]></action>
			</edit>
			<edit>
				<find><![CDATA[</div>
<!-- ENDIF -->]]></find>
				<action type="after-add"><![CDATA[<!-- ajaxlike -->
<!-- IF SHOW_LIKES -->
<div class="panel bg2">
	<div class="inner"><span class="corners-top"><span></span></span>
	<h3>{L_AL_TITLE}</h3>
	<!-- IF .last_likes -->
	<!-- BEGIN last_likes -->
	<div class="ajaxlike_listing_item">
		<a href="{last_likes.LINK}" class="ajaxlike_profile_listing_title">{last_likes.TITLE}</a>
		<div class="ajaxlike_profile_listing_by">{L_AL_BY} {last_likes.POSTER} . {L_AL_AT} {last_likes.DATE}</div>
		<div class="ajaxlike_profile_listing_item">{last_likes.DETAIL}</span>&nbsp;<b><a href="{last_likes.LINK}">{L_AL_VIEW}</a></b></div>
	</div>
	<!-- END last_likes -->
	<!-- ELSE -->
	<div class="ajaxlike_listing_item">{L_AL_NO_LIKE}</div>
	<!-- ENDIF -->
	<span class="corners-bottom"><span></span></span></div>
</div>
<!-- ENDIF -->
<!-- ajaxlike -->]]></action>
			</edit>
		</open>
		<open src="styles/prosilver/template/overall_footer.html">
			<edit>
				<find><![CDATA[	<!-- IF not S_IS_BOT -->{RUN_CRON_TASK}<!-- ENDIF -->]]></find>
				<action type="after-add"><![CDATA[<!-- ajaxlike -->
<!-- IF AJAXLIKE_NOTIFY_ENABLE -->
<div id="ajaxlike_not-dialog">
</div>
<div id="ajaxlike-not-dialog" title="{L_AL_LIKE_NEW_TITLE}">
</div>
<script type="text/javascript">
	ajaxlike_init_notify({AJAXLIKE_NOTIFY_INTERVAL},'{AJAXLIKE_NOTIFY_CALLBACK}');
</script>
<!-- ENDIF -->
<!-- ajaxlike -->]]></action>
			</edit>
		</open>
		<open src="styles/prosilver/template/overall_header.html">
			<edit>
				<find><![CDATA[<script type="text/javascript" src="{T_SUPER_TEMPLATE_PATH}/forum_fn.js"></script>]]></find>
				<action type="after-add"><![CDATA[<!-- ajaxlike -->
<script type="text/javascript" src="{T_SUPER_TEMPLATE_PATH}/ajaxlike/js/common.js"></script>
<script type="text/javascript">
	JQuery_loader("{T_SUPER_TEMPLATE_PATH}/ajaxlike/js/jquery.js");
</script>
<script type="text/javascript" src="{T_SUPER_TEMPLATE_PATH}/ajaxlike/js/jquery-ui.js"></script>
<script type="text/javascript" src="{T_SUPER_TEMPLATE_PATH}/ajaxlike/js/jquery.tipsy.js"></script>
<!-- ajaxlike -->]]></action>
			</edit>
			<edit>
				<find><![CDATA[<link href="{T_THEME_PATH}/large.css" rel="alternate stylesheet" type="text/css" title="A++" />]]></find>
				<action type="after-add"><![CDATA[<!-- ajaxlike -->
<link href="{T_SUPER_TEMPLATE_PATH}/ajaxlike/css/cupertino/jquery-ui.css" rel="stylesheet" type="text/css" />
<link href="{T_SUPER_TEMPLATE_PATH}/ajaxlike/css/tipsy.css" rel="stylesheet" type="text/css" />
<!-- ajaxlike -->]]></action>
			</edit>
			<edit>
				<find><![CDATA[					<a href="{U_RESTORE_PERMISSIONS}">{L_RESTORE_PERMISSIONS}</a>
					<!-- ENDIF -->]]></find>
				<action type="after-add"><![CDATA[                    <!-- Ajax like notification -->
                    <!-- IF AJAXLIKE_NOTIFY_ENABLE -->
                    &bull;
					(<a href="#" onclick="ajaxlike_liked_listbox('{AJAXLIKE_NOTIFY_CALLBACK}'); return false;"><span id="ajaxlike_not_new"><b>{AL_NEW_LIKE}</b>{L_AL_LIKE_NEW}</span></a>)
					<!-- ENDIF -->
                    <!-- Ajax like notification -->]]></action>
			</edit>
		</open>
		<open src="styles/prosilver/template/ucp_prefs_personal.html">
			<edit>
				<find><![CDATA[		<dd id="custom_date" style="display:none;"><input type="text" name="dateformat" id="dateformat" value="{DATE_FORMAT}" maxlength="30" class="inputbox narrow" style="margin-top: 3px;" /></dd>
	</dl>]]></find>
				<action type="after-add"><![CDATA[	<!-- ajaxlike -->
	<dl>
		<dt><label for="show_likes1">{L_AJ_SHOW_LIKES}:</label></dt>
		<dd>
			<label for="show_likes1"><input type="radio" name="show_likes" id="show_likes1" value="1"<!-- IF S_SHOW_LIKES --> checked="checked"<!-- ENDIF --> /> {L_YES}</label> 
			<label for="show_likes0"><input type="radio" name="show_likes" id="show_likes0" value="0"<!-- IF not S_SHOW_LIKES --> checked="checked"<!-- ENDIF --> /> {L_NO}</label>
		</dd>
	</dl>
	<!-- ajaxlike -->]]></action>
			</edit>
		</open>
		<open src="styles/prosilver/template/viewtopic_body.html">
			<edit>
				<find><![CDATA[			<!-- IF postrow.SIGNATURE --><div id="sig{postrow.POST_ID}" class="signature">{postrow.SIGNATURE}</div><!-- ENDIF -->
		<!-- ENDIF -->]]></find>
				<action type="after-add"><![CDATA[			<!-- ajaxlike -->
			<!-- IF postrow.TOTAL_LIKES > 0 -->
			<hr />
			<div class="ajaxlike_container" id="ajaxlike_content{postrow.POST_ID}">
				<!-- IF postrow.YOU_LIKED and not S_IS_BOT and S_USER_LOGGED_IN -->
					<!-- IF postrow.NO_OWN_POST and LIKE_ACCESS and ALLOW_UNLIKE --><a href="#" onclick="ajaxlike_unlike({postrow.POST_ID},{TOPIC_ID},{FORUM_ID},{LIKE_FROM},'{LIKE_CALLBACK}'); return false;" class="ajaxlike_link ajaxlike_unlike_button">{L_AL_UNLIKE_TEXT}</a> &middot; <!-- ENDIF -->{L_AL_YOU_TEXT} <!-- IF postrow.POST_LIKES > 0 -->{L_AL_AND_TEXT} <a href="{postrow.LAST_LIKE_URL}" <!-- IF postrow.TOTAL_LIKES > 1 -->onclick="ajaxlike_fulllistbox({postrow.POST_ID},{TOPIC_ID},{FORUM_ID},'{LIKE_CALLBACK}','{L_AL_LIKE_AT_TEXT}'); return false;"<!-- ENDIF --> class="ajaxlike_link ajaxlike_tooltip" <!-- IF postrow.LIKE_LIST -->title="{postrow.LIKE_LIST}"<!-- ENDIF -->>{postrow.POST_LIKES} <!-- IF postrow.POST_LIKES > 1 -->{L_AL_OTHERS_TEXT}<!-- ELSE -->{L_AL_OTHER_TEXT}<!-- ENDIF --></a> <!-- ENDIF --><!-- IF postrow.TOTAL_LIKES == 1 -->{L_AL_YOU_LIKE_TEXT}<!-- ELSE -->{L_AL_LIKE_POST_WITH_YOU_TEXT}<!-- ENDIF -->
				<!-- ELSE -->
					<!-- IF not S_IS_BOT and S_USER_LOGGED_IN and postrow.NO_OWN_POST and LIKE_ACCESS --><a href="#" onclick="ajaxlike_like({postrow.POST_ID},{TOPIC_ID},{FORUM_ID},{LIKE_FROM},'{LIKE_CALLBACK}'); return false;" class="ajaxlike_link ajaxlike_like_button">{L_AL_LIKE_TEXT}</a> &middot; <!-- ENDIF --><a href="{postrow.LAST_LIKE_URL}" <!-- IF postrow.TOTAL_LIKES > 1 -->onclick="ajaxlike_fulllistbox({postrow.POST_ID},{TOPIC_ID},{FORUM_ID},'{LIKE_CALLBACK}','{L_AL_LIKE_AT_TEXT}'); return false;"<!-- ENDIF --> class="ajaxlike_link ajaxlike_tooltip" <!-- IF postrow.LIKE_LIST -->title="{postrow.LIKE_LIST}"<!-- ENDIF -->><!-- IF postrow.TOTAL_LIKES == 1 -->{postrow.LIKE_LIST}<!-- ELSE -->{postrow.TOTAL_LIKES} {L_AL_PEOPLE_TEXT}<!-- ENDIF --></a> <!-- IF postrow.TOTAL_LIKES == 1 -->{L_AL_ONE_LIKE_POST_TEXT}<!-- ELSE -->{L_AL_LIKE_POST_TEXT}<!-- ENDIF -->
				<!-- ENDIF -->
			</div>
			<!-- ELSE -->
				<!-- IF not S_IS_BOT and S_USER_LOGGED_IN and postrow.NO_OWN_POST and LIKE_ACCESS -->
				<hr />
				<div class="ajaxlike_container" id="ajaxlike_content{postrow.POST_ID}">
<a href="#" onclick="ajaxlike_like({postrow.POST_ID},{TOPIC_ID},{FORUM_ID},{LIKE_FROM},'{LIKE_CALLBACK}'); return false;" class="ajaxlike_link ajaxlike_like_button">{L_AL_LIKE_TEXT}</a>
				</div>
				<!-- ENDIF -->
			<!-- ENDIF -->
			<!-- ajaxlike -->]]></action>
			</edit>
			<edit>
				<find><![CDATA[		<!-- IF postrow.POSTER_POSTS != '' --><dd><strong>{L_POSTS}:</strong> {postrow.POSTER_POSTS}</dd><!-- ENDIF -->]]></find>
				<action type="after-add"><![CDATA[		<!-- ajaxlike -->
		<dd><strong>{L_AL_LIKE_COUNT_TEXT}:</strong> {postrow.LIKES} <!-- IF postrow.LIKES > 1 -->{L_AL_POSTS_TEXT}<!-- ELSE -->{L_AL_POST_TEXT}<!-- ENDIF --></dd>
		<dd><strong>{L_AL_LIKED_COUNT_TEXT}:</strong> {postrow.LIKED} <!-- IF postrow.LIKED > 1 -->{L_AL_POSTS_TEXT}<!-- ELSE -->{L_AL_POST_TEXT}<!-- ENDIF --></dd>
		<!-- ajaxlike -->]]></action>
			</edit>
			<edit>
				<find><![CDATA[	<p>{LOGGED_IN_USER_LIST}</p>
<!-- ENDIF -->]]></find>
				<action type="after-add"><![CDATA[<!-- ajaxlike -->
<script type="text/javascript">
$(function() {
	load_tips('.ajaxlike_tooltip');
});
</script>
<div id="ajaxlike-dialog" title="{L_AL_PEOPLE_LIKE_THIS_TEXT}">
</div>
<!-- ajaxlike -->]]></action>
			</edit>
		</open>
		<open src="styles/prosilver/theme/stylesheet.css">
			<edit>
				<find><![CDATA[@import url("common.css");]]></find>
				<action type="after-add"><![CDATA[@import url("ajaxlike.css"); /* ajaxlike */]]></action>
			</edit>
		</open>
		<open src="styles/subsilver2/template/memberlist_view.html">
			<edit>
				<find><![CDATA[				<!-- IF S_DISPLAY_SEARCH --><br /><a href="{U_SEARCH_USER}">{L_SEARCH_USER_POSTS}</a><!-- ENDIF --></span></td>
			</tr>]]></find>
				<action type="after-add"><![CDATA[			<!-- ajaxlike -->
			<!-- IF LIKE_STATUS -->
			<tr>
				<td class="gen" align="{S_CONTENT_FLOW_END}" valign="top" nowrap="nowrap">{L_AL_LIKE_COUNT_TEXT}:</td>
				<td width="100%"><b class="gen">{LIKES} <!-- IF LIKES > 1 -->{L_AL_POSTS_TEXT}<!-- ELSE -->{L_AL_POST_TEXT}<!-- ENDIF --></b></td>
			</tr>
			<tr>
				<td class="gen" align="{S_CONTENT_FLOW_END}" valign="top" nowrap="nowrap">{L_AL_LIKED_COUNT_TEXT}:</td>
				<td width="100%"><b class="gen">{LIKED} <!-- IF LIKED > 1 -->{L_AL_POSTS_TEXT}<!-- ELSE -->{L_AL_POST_TEXT}<!-- ENDIF --></b></td>
			</tr>
			<!-- ENDIF -->
			<!-- ajaxlike -->]]></action>
			</edit>
			<edit>
				<find><![CDATA[			<td class="row1" colspan="2"><div class="postbody" style="padding: 10px;">{SIGNATURE}</div></td>
		</tr>
	<!-- ENDIF -->]]></find>
				<action type="after-add"><![CDATA[<!-- ajaxlike -->
<!-- IF SHOW_LIKES -->
		<tr>
			<td class="cat" colspan="2" align="center"><h4>{L_AL_TITLE}</h4></td>
		</tr>
		<tr>
			<td class="row1" colspan="2">
			<!-- IF .last_likes -->
			<!-- BEGIN last_likes -->
			<div class="ajaxlike_listing_item">
				<a href="{last_likes.LINK}" class="ajaxlike_profile_listing_title">{last_likes.TITLE}</a>
				<div class="ajaxlike_profile_listing_by">{L_AL_BY} {last_likes.POSTER} . {L_AL_AT} {last_likes.DATE}</div>
				<div class="ajaxlike_profile_listing_item">{last_likes.DETAIL}</span>&nbsp;<b><a href="{last_likes.LINK}">{L_AL_VIEW}</a></b></div>
			</div>
			<!-- END last_likes -->
			<!-- ELSE -->
			<div class="ajaxlike_listing_item">{L_AL_NO_LIKE}</div>
			<!-- ENDIF -->
			</td>
		</tr>
<!-- ENDIF -->
<!-- ajaxlike -->]]></action>
			</edit>
		</open>
		<open src="styles/subsilver2/template/overall_footer.html">
			<edit>
				<find><![CDATA[	<!-- IF DEBUG_OUTPUT --><br /><bdo dir="ltr">[ {DEBUG_OUTPUT} ]</bdo><!-- ENDIF --></span>
</div>]]></find>
				<action type="after-add"><![CDATA[<!-- ajaxlike -->
<!-- IF AJAXLIKE_NOTIFY_ENABLE -->
<div id="ajaxlike_not-dialog">
</div>
<div id="ajaxlike-not-dialog" title="{L_AL_LIKE_NEW_TITLE}">
</div>
<script type="text/javascript">
	ajaxlike_init_notify({AJAXLIKE_NOTIFY_INTERVAL},'{AJAXLIKE_NOTIFY_CALLBACK}');
</script>
<!-- ENDIF -->
<!-- ajaxlike -->]]></action>
			</edit>
		</open>
		<open src="styles/subsilver2/template/overall_header.html">
			<edit>
				<find><![CDATA[</script>]]></find>
				<action type="after-add"><![CDATA[<!-- ajaxlike -->
<script type="text/javascript" src="{T_SUPER_TEMPLATE_PATH}/ajaxlike/js/common.js"></script>
<script type="text/javascript">
	JQuery_loader("{T_SUPER_TEMPLATE_PATH}/ajaxlike/js/jquery.js");
</script>
<script type="text/javascript" src="{T_SUPER_TEMPLATE_PATH}/ajaxlike/js/jquery-ui.js"></script>
<script type="text/javascript" src="{T_SUPER_TEMPLATE_PATH}/ajaxlike/js/jquery.tipsy.js"></script>
<!-- ajaxlike -->
<!-- ajaxlike -->
<link href="{T_THEME_PATH}/ajaxlike.css" rel="stylesheet" type="text/css" />
<link href="{T_SUPER_TEMPLATE_PATH}/ajaxlike/css/cupertino/jquery-ui.css" rel="stylesheet" type="text/css" />
<link href="{T_SUPER_TEMPLATE_PATH}/ajaxlike/css/tipsy.css" rel="stylesheet" type="text/css" />
<!-- ajaxlike -->]]></action>
			</edit>
			<edit>
				<find><![CDATA[					<!-- ENDIF -->
				<!-- ENDIF -->]]></find>
				<action type="after-add"><![CDATA[                    <!-- Ajax like notification -->
                    <!-- IF AJAXLIKE_NOTIFY_ENABLE -->
                     &nbsp;<a href="#" onclick="ajaxlike_liked_listbox('{AJAXLIKE_NOTIFY_CALLBACK}'); return false;"><img src="{T_THEME_PATH}/images/icon_mini_message.gif" width="12" height="13" alt="*" /> <span id="ajaxlike_not_new"><b>{AL_NEW_LIKE}</b>{L_AL_LIKE_NEW}</span></a>
					<!-- ENDIF -->
                    <!-- Ajax like notification -->]]></action>
			</edit>
		</open>
		<open src="styles/subsilver2/template/ucp_prefs_personal.html">
			<edit>
				<find><![CDATA[		<div id="custom_date"<!-- IF not S_CUSTOM_DATEFORMAT --> style="display:none;"<!-- ENDIF -->><input type="text" name="dateformat" id="dateformat" value="{DATE_FORMAT}" maxlength="30" class="post" style="margin-top: 3px;" /></div>
	</td>
</tr>]]></find>
				<action type="after-add"><![CDATA[	<!-- ajaxlike -->
<tr>
	<td class="row1" width="50%"><b class="genmed"><label for="show_likes1">{L_AJ_SHOW_LIKES}:</label></b></td>
	<td class="row2">
			<label for="show_likes1"><input type="radio" name="show_likes" id="show_likes1" value="1"<!-- IF S_SHOW_LIKES --> checked="checked"<!-- ENDIF --> /> {L_YES}</label> 
			<label for="show_likes0"><input type="radio" name="show_likes" id="show_likes0" value="0"<!-- IF not S_SHOW_LIKES --> checked="checked"<!-- ENDIF --> /> {L_NO}</label>
		</td>
</tr>
	<!-- ajaxlike -->]]></action>
			</edit>
		</open>
		<open src="styles/subsilver2/template/viewtopic_body.html">
			<edit>
				<find><![CDATA[					<!-- IF postrow.POSTER_POSTS != '' --><br /><b>{L_POSTS}:</b> {postrow.POSTER_POSTS}<!-- ENDIF -->]]></find>
				<action type="after-add"><![CDATA[					<!-- ajaxlike -->
					<br /><b>{L_AL_LIKE_COUNT_TEXT}:</b> {postrow.LIKES} <!-- IF postrow.LIKES > 1 -->{L_AL_POSTS_TEXT}<!-- ELSE -->{L_AL_POST_TEXT}<!-- ENDIF -->
					<br /><b>{L_AL_LIKED_COUNT_TEXT}:</b> {postrow.LIKED} <!-- IF postrow.LIKED > 1 -->{L_AL_POSTS_TEXT}<!-- ELSE -->{L_AL_POST_TEXT}<!-- ENDIF -->
					<!-- ajaxlike -->]]></action>
			</edit>
			<edit>
				<find><![CDATA[<div class="gensmall" style="float: {S_CONTENT_FLOW_END};"><!-- IF not S_IS_BOT --><!-- IF postrow.U_EDIT --><a href="{postrow.U_EDIT}">{EDIT_IMG}</a> <!-- ENDIF --> <!-- IF postrow.U_QUOTE --><a href="{postrow.U_QUOTE}">{QUOTE_IMG}</a> <!-- ENDIF --> <!-- ENDIF -->&nbsp;</div>]]></find>
				<action type="after-add"><![CDATA[<!-- ajaxlike -->
			<!-- IF postrow.TOTAL_LIKES > 0 -->
			<hr />
			<div class="ajaxlike_container" id="ajaxlike_content{postrow.POST_ID}">
				<!-- IF postrow.YOU_LIKED and not S_IS_BOT and S_USER_LOGGED_IN -->
					<!-- IF postrow.NO_OWN_POST and LIKE_ACCESS and ALLOW_UNLIKE --><a href="#" onclick="ajaxlike_unlike({postrow.POST_ID},{TOPIC_ID},{FORUM_ID},{LIKE_FROM},'{LIKE_CALLBACK}'); return false;" class="ajaxlike_link ajaxlike_unlike_button">{L_AL_UNLIKE_TEXT}</a> &middot; <!-- ENDIF -->{L_AL_YOU_TEXT} <!-- IF postrow.POST_LIKES > 0 -->{L_AL_AND_TEXT} <a href="{postrow.LAST_LIKE_URL}" <!-- IF postrow.TOTAL_LIKES > 1 -->onclick="ajaxlike_fulllistbox({postrow.POST_ID},{TOPIC_ID},{FORUM_ID},'{LIKE_CALLBACK}','{L_AL_LIKE_AT_TEXT}'); return false;"<!-- ENDIF --> class="ajaxlike_link ajaxlike_tooltip" <!-- IF postrow.LIKE_LIST -->title="{postrow.LIKE_LIST}"<!-- ENDIF -->>{postrow.POST_LIKES} <!-- IF postrow.POST_LIKES > 1 -->{L_AL_OTHERS_TEXT}<!-- ELSE -->{L_AL_OTHER_TEXT}<!-- ENDIF --></a> <!-- ENDIF --><!-- IF postrow.TOTAL_LIKES == 1 -->{L_AL_YOU_LIKE_TEXT}<!-- ELSE -->{L_AL_LIKE_POST_WITH_YOU_TEXT}<!-- ENDIF -->
				<!-- ELSE -->
					<!-- IF not S_IS_BOT and S_USER_LOGGED_IN and postrow.NO_OWN_POST and LIKE_ACCESS --><a href="#" onclick="ajaxlike_like({postrow.POST_ID},{TOPIC_ID},{FORUM_ID},{LIKE_FROM},'{LIKE_CALLBACK}'); return false;" class="ajaxlike_link ajaxlike_like_button">{L_AL_LIKE_TEXT}</a> &middot; <!-- ENDIF --><a href="{postrow.LAST_LIKE_URL}" <!-- IF postrow.TOTAL_LIKES > 1 -->onclick="ajaxlike_fulllistbox({postrow.POST_ID},{TOPIC_ID},{FORUM_ID},'{LIKE_CALLBACK}','{L_AL_LIKE_AT_TEXT}'); return false;"<!-- ENDIF --> class="ajaxlike_link ajaxlike_tooltip" <!-- IF postrow.LIKE_LIST -->title="{postrow.LIKE_LIST}"<!-- ENDIF -->><!-- IF postrow.TOTAL_LIKES == 1 -->{postrow.LIKE_LIST}<!-- ELSE -->{postrow.TOTAL_LIKES} {L_AL_PEOPLE_TEXT}<!-- ENDIF --></a> <!-- IF postrow.TOTAL_LIKES == 1 -->{L_AL_ONE_LIKE_POST_TEXT}<!-- ELSE -->{L_AL_LIKE_POST_TEXT}<!-- ENDIF -->
				<!-- ENDIF -->
			</div>
			<!-- ELSE -->
				<!-- IF not S_IS_BOT and S_USER_LOGGED_IN and postrow.NO_OWN_POST and LIKE_ACCESS -->
				<hr />
				<div class="ajaxlike_container" id="ajaxlike_content{postrow.POST_ID}">
<a href="#" onclick="ajaxlike_like({postrow.POST_ID},{TOPIC_ID},{FORUM_ID},{LIKE_FROM},'{LIKE_CALLBACK}'); return false;" class="ajaxlike_link ajaxlike_like_button">{L_AL_LIKE_TEXT}</a>
				</div>
				<!-- ENDIF -->
			<!-- ENDIF -->
			<!-- ajaxlike -->]]></action>
			</edit>
			<edit>
				<find><![CDATA[	<td align="{S_CONTENT_FLOW_END}"><!-- INCLUDE jumpbox.html --></td>
</tr>
</table>]]></find>
				<action type="after-add"><![CDATA[<!-- ajaxlike -->
<script type="text/javascript">
$(function() {
	load_tips('.ajaxlike_tooltip');
});
</script>
<div id="ajaxlike-dialog" title="{L_AL_PEOPLE_LIKE_THIS_TEXT}">
</div>
<!-- ajaxlike -->]]></action>
			</edit>
		</open>
		<php-installer><![CDATA[ajaxlike_install.php]]></php-installer>
	</action-group>
</mod>
