<?xml version="1.0" encoding="UTF-8" standalone="yes"?>
<?xml-stylesheet type="text/xsl" href="modx.prosilver.en.xsl"?>
<!--NOTICE: Please open this file in your web browser. If presented with a security warning, you may safely tell it to allow the blocked content.-->
<!--For security purposes, please check: http://www.phpbb.com/mods/ for the latest version of this MOD.\nAlthough MODs are checked before being allowed in the MODs Database there is no guarantee that there are no security problems within the MOD.\nNo support will be given for MODs not found within the MODs Database which can be found at http://www.phpbb.com/mods/-->
<mod xmlns:xsi="http://www.w3.org/2001/XMLSchema-instance" xmlns="http://www.phpbb.com/mods/xml/modx-1.2.5.xsd">
	<header>
		<meta name="generator" content="MODX file generated with PP MODX Creator by tumba25 (online version)"/>
		<meta name="generator" content="MODX file generated by MODX Generator by tumba25"/>
		<license><![CDATA[http://opensource.org/licenses/gpl-license.php GNU General Public License v2]]></license>
		<title lang="en"><![CDATA[phpBB Ajax Like Spanish Language Pack]]></title>
		<description lang="en"><![CDATA[Ajax Like for phpBB3.]]></description>
		<author-group>
			<author>
				<username><![CDATA[emosbat, ..::¦DJ¦::..]]></username>
			</author>
		</author-group>
		<mod-version>1.0.5</mod-version>
		<installation>
			<level>easy</level>
			<time>600</time>
			<target-version>3.0.11</target-version>
		</installation>
		<link-group>
			<link type="dependency" href="../../install_mod.xml" lang="en">phpBB Ajax Like</link>
		</link-group>
	</header>
	<action-group>
		<copy>
			<file from="contrib/es/root/*.*" to="*.*"/>
		</copy>
		<open src="language/es/common.php">
			<edit>
				<find><![CDATA[$lang = array_merge($lang, array(]]></find>
				<action type="after-add"><![CDATA[	// ajaxlike
	'AL_LIKE_NEW'					    => '&nbsp;nuevos me gusta',
	'AL_LIKE_NEW_TITLE'				    => 'Lista de nuevos me gusta recibidos',	
    'AL_LIKE_INFO'					    => 'Le gusta tu&nbsp;',
	'AL_LIKE_SELF'				        => 'Ver tu mensaje',
	'AL_NO_LIKE_RECEIVED'				=> 'Aún no ha recibido me gusta.',
	// ajaxlike]]></action>
			</edit>
		</open>
		<open src="language/es/memberlist.php">
			<edit>
				<find><![CDATA[$lang = array_merge($lang, array(]]></find>
				<action type="after-add"><![CDATA[	// ajaxlike
	'AL_TITLE'				=> 'Ultimos me gusta',
	'AL_NO_LIKE'			=> 'Ningún mensaje a recibido me gusta.',
	'AL_BY'					=> 'enviado por',
	'AL_AT'					=> 'En',
	'AL_VIEW'				=> '[Ver mensaje]',
	'AL_LIKE_COUNT_TEXT'	=> 'Me gusta',
	'AL_LIKED_COUNT_TEXT'	=> 'Me gusta recibidos',
	'AL_POSTS_TEXT'			=> 'Mensajes',
	'AL_POST_TEXT'			=> 'mensaje',
	// ajaxlike]]></action>
			</edit>
		</open>
		<open src="language/es/ucp.php">
			<edit>
				<find><![CDATA[// Common language entries
$lang = array_merge($lang, array(]]></find>
				<action type="after-add"><![CDATA[	// ajaxlike
	'AJ_SHOW_LIKES'					=> 'Mostrar los ultimos "me gusta" en perfil',
	// ajaxlike]]></action>
			</edit>
		</open>
		<open src="language/es/viewtopic.php">
			<edit>
				<find><![CDATA[$lang = array_merge($lang, array(]]></find>
				<action type="after-add"><![CDATA[	
	// ajaxlike
	'AL_YOU_TEXT'						=> 'A ti',
	'AL_AND_TEXT'						=> 'y',
	'AL_OTHER_TEXT'						=> 'otra',
	'AL_OTHERS_TEXT'					=> 'otras',
	'AL_PEOPLE_TEXT'					=> 'persona',
	'AL_PEOPLE_LIKE_THIS_TEXT'			=> 'personas les gusta este mensaje',
	'AL_LIKE_POST_TEXT'					=> 'les gusta este mensaje.',
	'AL_ONE_LIKE_POST_TEXT'				=> 'le gusta este mensaje.',
	'AL_LIKE_POST_WITH_YOU_TEXT'		=> 'te gusta este mensaje.',
	'AL_YOU_LIKE_TEXT'					=> 'te gusta este mensaje.',
	'AL_LIKE_TEXT'						=> 'Me gusta',
	'AL_UNLIKE_TEXT'					=> 'Ya no me gusta',
	'AL_LIKE_COUNT_TEXT'				=> 'Me gusta',
	'AL_LIKED_COUNT_TEXT'				=> 'Me gusta recibidos',
	'AL_POSTS_TEXT'						=> 'mensajes',
	'AL_POST_TEXT'						=> 'mensaje',
	'AL_LIKE_AT_TEXT'					=> 'En',
	// ajaxlike
	]]></action>
			</edit>
		</open>
		<open src="language/es/acp/permissions_phpbb.php">
			<edit>
				<find><![CDATA['acl_u_viewprofile'	=> array('lang' => 'Can view profiles, memberlist and online list', 'cat' => 'profile'),]]></find>
				<action type="before-add"><![CDATA[	// ajaxlike
	'acl_u_ajaxlike_mod'=> array('lang' => 'Puede usar "me gusta" en los mensajes', 'cat' => 'misc'),
	// ajaxlike]]></action>
			</edit>
			<edit>
				<find><![CDATA[$lang = array_merge($lang, array(]]></find>
				<action type="after-add"><![CDATA[	// ajaxlike
	'acl_f_ajaxlike_mod'=> array('lang' => 'Puede usar "me gusta" en los foros', 'cat' => 'misc'),
	// ajaxlike]]></action>
			</edit>
			<edit>
				<find><![CDATA[// Admin Permissions
$lang = array_merge($lang, array(]]></find>
				<action type="after-add"><![CDATA[	// ajaxlike
	'acl_a_ajaxlike_mod'=> array('lang' => 'Puede administrar "me gusta"', 'cat' => 'misc'),
	// ajaxlike]]></action>
			</edit>
		</open>
	</action-group>
</mod>
